name,poi_id,osm_way_id,building,amenity,area,geometry,centroid
 BNSF 19th Street Yard,0,100242175,railway,,1.5222177529996794e-05,"POLYGON ((-94.6022082 39.0909236, -94.6024039 39.0904658, -94.6028309 39.0894219, -94.6030022 39.0890271, -94.6031589 39.0886617, -94.6032742 39.088443, -94.6033841 39.0882564, -94.603543 39.0880267, -94.6037007 39.0878063, -94.6040877 39.087276, -94.6040333 39.0872365, -94.6037308 39.0876191, -94.6034213 39.0879784, -94.6031928 39.0882181, -94.602982 39.0884091, -94.6026312 39.0886825, -94.6021797 39.0890329, -94.6020151 39.0891807, -94.6018587 39.0893433, -94.6016561 39.0895871, -94.6014774 39.0898171, -94.6012944 39.0900526, -94.601055 39.0903513, -94.6008619 39.0906247, -94.6005967 39.0910342, -94.6001031 39.0918839, -94.5995441 39.0928686, -94.5991185 39.0936222, -94.5985391 39.0945468, -94.59821 39.0951083, -94.5979584 39.0956128, -94.5975015 39.0965901, -94.5969779 39.097692, -94.5965033 39.0987432, -94.5963252 39.0991706, -94.5961497 39.0996613, -94.5959758 39.1002605, -94.5976756 39.1003002, -94.5976984 39.0981372, -94.5977489 39.0977635, -94.5979507 39.0972521, -94.5981446 39.0968831, -94.6003173 39.0942816, -94.6006891 39.0936715, -94.6016057 39.0919052, -94.6019362 39.0913785, -94.6022082 39.0909236))",POINT (-94.5995497 39.0942782)
 KCT Kemper Yard,1,100242196,railway,,4.610779074995959e-06,"POLYGON ((-94.6028175 39.0909196, -94.6027426 39.0912558, -94.602736 39.0914371, -94.6024519 39.0914346, -94.6019626 39.0926164, -94.6013252 39.0941762, -94.6011936 39.0944707, -94.6011936 39.0945295, -94.601164 39.094601, -94.6010565 39.0947943, -94.6009775 39.0949509, -94.6009194 39.095094, -94.6008349 39.095386, -94.6007735 39.0956116, -94.6007515 39.0957461, -94.6007351 39.0959632, -94.6006967 39.0966179, -94.600633 39.0979188, -94.6006001 39.0986518, -94.5996359 39.0983536, -94.5992376 39.0993167, -94.5992047 39.0993908, -94.5988164 39.0999885, -94.5986595 39.0999306, -94.5987716 39.0996785, -94.5989722 39.0992784, -94.5990374 39.099141, -94.5990687 39.099075, -94.5992278 39.0987038, -94.5996885 39.0975894, -94.5997122 39.0975316, -94.6002787 39.0961522, -94.6008217 39.0948445, -94.6014229 39.0933971, -94.6021063 39.0917437, -94.6030292 39.0895137, -94.6031457 39.0892596, -94.6032623 39.0890507, -94.6035203 39.0886446, -94.6038052 39.0882388, -94.6038909 39.0882721, -94.6038717 39.0883635, -94.6033883 39.0895355, -94.6028175 39.0909196))",POINT (-94.6010442 39.0950312)
 BNSF 19th Street Yard,2,100242206,railway,,7.723919145046108e-06,"POLYGON ((-94.5977489 39.0977635, -94.5976984 39.0981372, -94.5976756 39.1003002, -94.5981948 39.1003217, -94.5983264 39.1000921, -94.5985414 39.0996625, -94.5987433 39.0992176, -94.5988703 39.0989447, -94.5994718 39.0974791, -94.5996325 39.0970875, -94.6003192 39.0954125, -94.6007993 39.0942442, -94.6022082 39.0909236, -94.6019362 39.0913785, -94.6016057 39.0919052, -94.6006891 39.0936715, -94.6003173 39.0942816, -94.5981446 39.0968831, -94.5979507 39.0972521, -94.5977489 39.0977635))",POINT (-94.5991225 39.0969156)
 KCT Mill Street Yard,3,100400839,railway,,1.8368125599850024e-06,"POLYGON ((-94.6354073 39.0771379, -94.6354044 39.0770281, -94.6350399 39.0769816, -94.6346457 39.0769408, -94.6342049 39.0769256, -94.6334618 39.0769268, -94.6307321 39.0769582, -94.6304906 39.076961, -94.6298151 39.0769688, -94.6293611 39.0769964, -94.6287029 39.0770779, -94.628243 39.077169, -94.6275531 39.077392, -94.6269389 39.0775752, -94.6269845 39.077721, -94.6277685 39.0775205, -94.628268 39.0774056, -94.6288312 39.0773094, -94.6293379 39.077244, -94.6298831 39.077201, -94.6304536 39.077186, -94.6312166 39.0771767, -94.6330676 39.077158, -94.634578 39.077143, -94.6354073 39.0771379))",POINT (-94.6311114 39.0771335)
 KCT Mill Street Yard,4,100400849,railway,,1.713886576502322e-05,"POLYGON ((-94.6398217 39.0789162, -94.6398071 39.0789631, -94.6397617 39.0789844, -94.6370595 39.0789995, -94.6350654 39.0790054, -94.6339808 39.0790029, -94.6333894 39.0790016, -94.632857 39.0790011, -94.6327389 39.079001, -94.6319378 39.0790002, -94.6319368 39.0786746, -94.6316852 39.0786634, -94.6313297 39.0786575, -94.6305636 39.0786682, -94.6291267 39.0786883, -94.6283995 39.0787043, -94.6257643 39.0787593, -94.6257535 39.0783957, -94.626565 39.0783817, -94.6270076 39.0779474, -94.6269845 39.077721, -94.6277685 39.0775205, -94.628268 39.0774056, -94.6288312 39.0773094, -94.6293379 39.077244, -94.6293471 39.0780644, -94.6302946 39.077907, -94.6305707 39.0778804, -94.6329071 39.0778142, -94.6333119 39.0777903, -94.6337328 39.0777581, -94.6349594 39.0776116, -94.635233 39.0775924, -94.6355126 39.0775797, -94.635516 39.0775316, -94.6358929 39.0775166, -94.6363843 39.0774627, -94.6379 39.0772576, -94.6380467 39.077251, -94.6397226 39.0772251, -94.6397886 39.0772665, -94.6398065 39.0773204, -94.6398217 39.0789162))",POINT (-94.6338898 39.0782257)
 KCT Blue River Yard,5,100400862,railway,,4.558506440003447e-06,"POLYGON ((-94.4960141 39.1114182, -94.4953716 39.1115776, -94.4940998 39.1119304, -94.4934661 39.1121205, -94.4896302 39.1131368, -94.4869839 39.1138596, -94.4864162 39.1140053, -94.4858441 39.1141339, -94.4854906 39.1141965, -94.4847043 39.1142989, -94.4840046 39.1143467, -94.4839958 39.1140519, -94.4847527 39.1140622, -94.484987 39.1140439, -94.485162 39.1140303, -94.4860055 39.1138437, -94.4878655 39.1133167, -94.4883686 39.1131471, -94.489127 39.1128398, -94.4895304 39.1127089, -94.4904194 39.1124414, -94.4911851 39.1122149, -94.4928398 39.1117528, -94.4935204 39.1115912, -94.494179 39.1114557, -94.4949492 39.1113601, -94.4956401 39.111285, -94.495775 39.1112611, -94.4959203 39.1112304, -94.4959366 39.1112629, -94.4959551 39.1113, -94.4960141 39.1114182))",POINT (-94.4905111 39.1126822)
 Bedford Yard,6,100409308,railway,,1.909121479989906e-06,"POLYGON ((-94.5783574 39.1228864, -94.5777723 39.1231544, -94.5769733 39.1235062, -94.5765221 39.1237414, -94.5759582 39.1241425, -94.5754294 39.12458, -94.5748937 39.125116, -94.5740218 39.1259837, -94.5731797 39.1267959, -94.5736204 39.1268053, -94.5747559 39.1256736, -94.5754627 39.1249876, -94.5756943 39.1247764, -94.5759996 39.1245267, -94.5762824 39.1243202, -94.5765967 39.1241102, -94.576908 39.1239223, -94.5778374 39.1234043, -94.5780691 39.1232515, -94.5782676 39.1231103, -94.5784541 39.1229889, -94.5783574 39.1228864))",POINT (-94.5756845 39.1247515)
 UP Armstrong Yard,7,100545337,railway,,3.507804920502885e-05,"POLYGON ((-94.6375139 39.0918705, -94.6350808 39.0915314, -94.635102 39.0914303, -94.6332913 39.0911201, -94.6305154 39.0906529, -94.6301951 39.0906015, -94.6297739 39.0905355, -94.6294091 39.0904871, -94.6289307 39.0904373, -94.6284574 39.0904003, -94.6280112 39.0903851, -94.627551 39.0903795, -94.6252621 39.0904177, -94.6245721 39.090436, -94.6240277 39.090451, -94.6235734 39.0904876, -94.6230483 39.0905691, -94.6223668 39.0907155, -94.6213187 39.0910303, -94.6204472 39.0913902, -94.6200235 39.0915652, -94.6172844 39.0927292, -94.6168868 39.0929644, -94.6165992 39.0932266, -94.6158136 39.0939981, -94.6156399 39.0942378, -94.6153059 39.0948356, -94.6142423 39.0967486, -94.6141331 39.0968845, -94.6140233 39.0969988, -94.6139482 39.0970687, -94.6139907 39.0971093, -94.6143693 39.0969367, -94.6153781 39.0963615, -94.6159494 39.0960909, -94.6160487 39.0962095, -94.6191085 39.0948873, -94.6216608 39.0938068, -94.6253274 39.0922746, -94.6263762 39.0918508, -94.6269988 39.0916399, -94.6276795 39.0914635, -94.6282812 39.0913436, -94.6289903 39.0912362, -94.6295734 39.0911835, -94.6301182 39.0911643, -94.6305876 39.0911701, -94.6312152 39.091195, -94.6319317 39.0912516, -94.6326198 39.0913187, -94.6333351 39.0914059, -94.6350276 39.0916235, -94.6357315 39.091714, -94.637497 39.0919442, -94.6375139 39.0918705))",POINT (-94.6218262 39.0927338)
 UP 18th Street Yard,8,100545340,railway,,3.6365952309997544e-05,"POLYGON ((-94.6706074 39.0984548, -94.6706878 39.0981885, -94.6708578 39.0982069, -94.6712524 39.0983229, -94.6730093 39.099069, -94.6736385 39.0993313, -94.6743093 39.099611, -94.6745014 39.0996911, -94.6757317 39.1002485, -94.6761878 39.100457, -94.677028 39.100841, -94.6772485 39.1009418, -94.6785974 39.1015647, -94.6789032 39.1016922, -94.6798442 39.1020845, -94.6802811 39.1022412, -94.6810306 39.1024484, -94.6810932 39.1023371, -94.6804527 39.1021183, -94.6798517 39.10189, -94.6789977 39.1015452, -94.677959 39.1010775, -94.6765717 39.1004474, -94.6751826 39.0998179, -94.6737672 39.0991756, -94.6723568 39.0985346, -94.6709958 39.0979076, -94.6697172 39.0973312, -94.6683587 39.0967145, -94.6678806 39.0965008, -94.6675937 39.0963805, -94.6672203 39.0962353, -94.6669582 39.0961393, -94.6666564 39.096037, -94.6663143 39.0959391, -94.6658494 39.0958227, -94.6652872 39.0957062, -94.6647398 39.095616, -94.6642733 39.0955533, -94.6627507 39.095348, -94.6605629 39.0950581, -94.6582531 39.094753, -94.6560521 39.0944631, -94.6528503 39.0940422, -94.6501031 39.0936785, -94.6488387 39.0935105, -94.647408 39.0933173, -94.6460274 39.0931446, -94.6447833 39.0929748, -94.644729 39.0932525, -94.6461769 39.0935342, -94.6474969 39.0938269, -94.6482089 39.0939997, -94.6487622 39.0941028, -94.6492393 39.0941988, -94.6497391 39.0943204, -94.6504841 39.0945379, -94.6515176 39.0948546, -94.6521627 39.0950497, -94.6525769 39.0951561, -94.6536104 39.0954088, -94.6549201 39.0957119, -94.656372 39.0960693, -94.658235 39.096462, -94.6587255 39.0965428, -94.6590418 39.0965628, -94.6594282 39.0966139, -94.6599455 39.0967131, -94.6617601 39.0970898, -94.6636726 39.0974736, -94.6647927 39.0976999, -94.6651533 39.0977735, -94.66548 39.0978119, -94.6660096 39.0978615, -94.6668814 39.0979302, -94.668123 39.0980334, -94.6690927 39.098115, -94.66921 39.0981319, -94.669509 39.0981749, -94.6699438 39.0982781, -94.6706074 39.0984548))",POINT (-94.6607811 39.0960893)
 Armourdale Yard,9,100547288,railway,,6.544930017998658e-05,"POLYGON ((-94.6417945 39.0924502, -94.641972 39.0924742, -94.6457111 39.0929678, -94.6483313 39.0933188, -94.6521289 39.0938183, -94.6553878 39.0942325, -94.6596622 39.0948145, -94.6630669 39.0952641, -94.6649274 39.0955163, -94.6658725 39.0956898, -94.6664827 39.095848, -94.6671622 39.0960753, -94.6679936 39.0964137, -94.6698689 39.0972526, -94.6719308 39.0982162, -94.6742211 39.0992535, -94.674379 39.0990469, -94.672794 39.0982694, -94.6721936 39.0980125, -94.6712844 39.0976069, -94.6704011 39.0972129, -94.6702059 39.0971017, -94.669057 39.0963836, -94.6682021 39.0958764, -94.6680341 39.0958045, -94.6671965 39.0955092, -94.666459 39.0953193, -94.6658759 39.0951736, -94.6655053 39.0950672, -94.6650334 39.0949013, -94.6648172 39.0948093, -94.6646072 39.0946885, -94.663688 39.0940576, -94.6629839 39.0935945, -94.6627022 39.0934497, -94.6624181 39.0933423, -94.6622365 39.0933001, -94.6619276 39.0932685, -94.6610814 39.0931726, -94.6604819 39.0930724, -94.6596458 39.0929558, -94.6594175 39.0929021, -94.6591704 39.0928101, -94.6589431 39.0926958, -94.6583442 39.0923329, -94.6581179 39.0922424, -94.6577848 39.0921558, -94.6574182 39.0921005, -94.6570693 39.0920806, -94.6565949 39.0920929, -94.6560108 39.0921558, -94.6541506 39.0924062, -94.6520925 39.0924273, -94.6513969 39.0923927, -94.649791 39.0921952, -94.646369 39.0916036, -94.6453133 39.0912812, -94.6424469 39.0903823, -94.6417153 39.0900841, -94.6409779 39.0897141, -94.6405591 39.0894534, -94.6402792 39.089368, -94.6400453 39.0892887, -94.6385824 39.0893245, -94.6385882 39.0903957, -94.6375517 39.0905231, -94.6372274 39.0905276, -94.6366483 39.0904467, -94.6359946 39.0903597, -94.6354567 39.0903447, -94.6343835 39.0901949, -94.6337457 39.0901062, -94.6319066 39.0898101, -94.6301307 39.0895081, -94.6295779 39.0894506, -94.6286452 39.089411, -94.628151 39.089405, -94.6277634 39.0894182, -94.627348 39.0894697, -94.6264447 39.0895776, -94.6261034 39.089598, -94.6242241 39.0896064, -94.6230396 39.08961, -94.6226845 39.0896328, -94.6205195 39.0898904, -94.6199265 39.0899336, -94.6195142 39.089954, -94.6195173 39.0900726, -94.6213231 39.0900722, -94.6241412 39.0900503, -94.6247948 39.0900774, -94.6255235 39.0901189, -94.6259253 39.0901293, -94.627672 39.0901148, -94.6284194 39.0901668, -94.62944 39.0902707, -94.6328732 39.0908737, -94.6339863 39.0909903, -94.6352496 39.0911506, -94.635947 39.0912276, -94.6371835 39.0914046, -94.6371057 39.091644, -94.6376321 39.0917449, -94.6393487 39.0920306, -94.6405195 39.0922442, -94.6417945 39.0924502))",POINT (-94.6480944 39.0924524)
,10,222549710,platform,,2.6317928001076345e-07,"POLYGON ((-94.5831965 39.0868896, -94.5831826 39.0868578, -94.5879114 39.0856493, -94.5879239 39.0856841, -94.5877268 39.0857497, -94.5875028 39.0858101, -94.5834889 39.0868365, -94.583387 39.0868594, -94.5832765 39.0868797, -94.5831965 39.0868896))",POINT (-94.5855493 39.0862809)
 Union Pacific State Line Yard,11,284173699,railway,,3.4932635450097213e-06,"POLYGON ((-94.6071915 39.1005092, -94.6065272 39.1007915, -94.6062702 39.1008069, -94.6058234 39.1009664, -94.6032531 39.1020497, -94.602652 39.1022461, -94.6019126 39.1024302, -94.601751 39.1024811, -94.6017233 39.1024477, -94.6023573 39.1021735, -94.6054884 39.1008661, -94.6089115 39.0994322, -94.6094781 39.0992068, -94.609843 39.0992571, -94.6102439 39.0998626, -94.6099006 39.0999725, -94.609951 39.1000582, -94.6085442 39.1004662, -94.6083474 39.1004979, -94.6081361 39.1004886, -94.6075816 39.1004588, -94.6071915 39.1005092))",POINT (-94.6073227 39.1004284)
 Adams Street,12,295166046,railway,,1.415968289994964e-06,"POLYGON ((-94.6154894 39.0845675, -94.6158962 39.0842117, -94.6167823 39.0834198, -94.616616 39.0833157, -94.6153096 39.0844125, -94.615116 39.084575, -94.6147382 39.0848101, -94.6144809 39.0849643, -94.6142464 39.0850704, -94.6139924 39.0851387, -94.6139012 39.0851564, -94.6137156 39.0851943, -94.613455 39.0852019, -94.6133117 39.0852044, -94.6131199 39.0851984, -94.6129226 39.0851832, -94.6127454 39.0851537, -94.6125713 39.0851187, -94.6123985 39.0850698, -94.612252 39.0850167, -94.6120482 39.0849147, -94.6119745 39.085013, -94.6121704 39.0851183, -94.6123865 39.0851975, -94.6125713 39.0852478, -94.6127238 39.0852804, -94.6128851 39.085304, -94.6130683 39.0853232, -94.6132638 39.0853331, -94.6137644 39.0853308, -94.6139275 39.0853387, -94.6140681 39.0853642, -94.6142062 39.085408, -94.6143262 39.0854648, -94.6144549 39.0855406, -94.6145982 39.0856544, -94.6147154 39.0857757, -94.6147805 39.0858541, -94.6148554 39.0859957, -94.6149955 39.0860083, -94.6149466 39.0857757, -94.6149141 39.0856544, -94.6148782 39.0855229, -94.614888 39.0854269, -94.6149108 39.0853081, -94.6149694 39.0851387, -94.6150313 39.0850174, -94.6151323 39.0849036, -94.6153146 39.0847368, -94.6154894 39.0845675))",POINT (-94.6147356 39.0848642)
,13,296921264,platform,,3.990133499765318e-08,"POLYGON ((-94.4302533 39.0869535, -94.4299842 39.086864, -94.429971 39.0868846, -94.429914 39.0868657, -94.4299203 39.0868542, -94.4296781 39.0867736, -94.4296705 39.0867873, -94.4295856 39.0867591, -94.4295989 39.0867331, -94.4295704 39.0867234, -94.4295484 39.0867159, -94.4293011 39.0866358, -94.4293006 39.0866355, -94.4292877 39.0866291, -94.4293026 39.0866022, -94.4302697 39.0869237, -94.4302533 39.0869535))",POINT (-94.429783 39.0867838)
,14,298247989,platform,,1.3319630499454626e-07,"POLYGON ((-94.5874004 39.0859199, -94.5875423 39.0858765, -94.5875418 39.0858496, -94.5852201 39.0864326, -94.5844049 39.086647, -94.5844315 39.0866847, -94.5874004 39.0859199))",POINT (-94.5858879 39.0862878)
 BNSF 10th Street Yard,15,309147483,railway,,2.1483331205003525e-05,"POLYGON ((-94.5806649 39.1228767, -94.5806304 39.1227503, -94.5784362 39.1234913, -94.5780808 39.1236177, -94.577681 39.1237651, -94.5773774 39.1239011, -94.577101 39.124037, -94.5766986 39.1242648, -94.5764889 39.1244123, -94.5761655 39.1246497, -94.5758743 39.1248833, -94.5755559 39.1251782, -94.5743391 39.1263806, -94.5736011 39.1271101, -94.5731631 39.1275307, -94.5706834 39.1299673, -94.5700523 39.1305951, -94.5686287 39.131997, -94.55635 39.1441209, -94.556477 39.1441695, -94.5574123 39.1432217, -94.5578572 39.1428116, -94.5588138 39.1422593, -94.5593313 39.1417967, -94.5607642 39.1403824, -94.5612247 39.1399432, -94.5624546 39.1399687, -94.5626063 39.1398286, -94.5648548 39.1375883, -94.5663675 39.137619, -94.5664169 39.1355302, -94.5664398 39.1353188, -94.5665841 39.1350382, -94.5667866 39.134804, -94.5685937 39.1329131, -94.5692379 39.1324003, -94.5696122 39.1320157, -94.5699302 39.1316721, -94.5700487 39.131467, -94.5703635 39.1309716, -94.5706004 39.1306069, -94.5710428 39.1299879, -94.5712364 39.1300179, -94.5713741 39.1294977, -94.5720128 39.1288499, -94.5734924 39.127483, -94.5736949 39.1271618, -94.5740923 39.1268325, -94.5746476 39.1268191, -94.5748008 39.1267719, -94.575588 39.126034, -94.5759779 39.1256722, -94.5762223 39.1254826, -94.5764716 39.1252586, -94.5768665 39.1249829, -94.5770911 39.1248297, -94.5772861 39.1247091, -94.5776193 39.1245176, -94.5780734 39.1243108, -94.5784856 39.1241346, -94.5788509 39.1239547, -94.5791939 39.1238379, -94.5795962 39.1236234, -94.5799887 39.1234645, -94.580428 39.1231945, -94.5806649 39.1228767))",POINT (-94.567531 39.1339167)
 NS Avondale Yard,16,309150195,railway,,4.9903092639966465e-05,"POLYGON ((-94.5555393 39.1445041, -94.5546487 39.1451429, -94.5540125 39.1454493, -94.5533629 39.1456882, -94.5528438 39.1458932, -94.5523205 39.1460731, -94.5517746 39.1461749, -94.5508524 39.1462243, -94.5506179 39.1462072, -94.5501914 39.1463216, -94.5494296 39.1463777, -94.5487554 39.1464624, -94.5490589 39.1463736, -94.5498639 39.1461592, -94.5502745 39.1459574, -94.5505469 39.1457997, -94.551051 39.1453709, -94.5511608 39.1452322, -94.5528805 39.143621, -94.5569134 39.1397111, -94.5584501 39.1382985, -94.5587632 39.1380841, -94.5591047 39.1377467, -94.5597958 39.1372358, -94.5643125 39.1337986, -94.5654834 39.1329314, -94.5672478 39.1316511, -94.5682682 39.1308879, -94.5717971 39.1283177, -94.5725817 39.1277153, -94.5728988 39.1274472, -94.573281 39.127053, -94.5734516 39.1271293, -94.572802 39.1277558, -94.5695007 39.1310171, -94.5677291 39.13275, -94.5637799 39.1366385, -94.5610536 39.1393243, -94.5598161 39.1405323, -94.5586558 39.1416401, -94.5579296 39.142356, -94.5571167 39.143044, -94.5560109 39.1441003, -94.5555393 39.1445041))",POINT (-94.5599044 39.1387986)
 Block 222,17,374384434,railway,,7.502429699981516e-07,"POLYGON ((-94.550929 39.1464547, -94.5508524 39.1462243, -94.5506179 39.1462072, -94.5501914 39.1463216, -94.5494296 39.1463777, -94.5487554 39.1464624, -94.5469771 39.1465768, -94.5469986 39.1467287, -94.5485087 39.1466267, -94.5485123 39.1466793, -94.549325 39.1466024, -94.5503389 39.146515, -94.550929 39.1464547))",POINT (-94.5491418 39.1465003)
 Birmingham,18,374387926,railway,,6.001291499951076e-07,"POLYGON ((-94.4559532 39.1673811, -94.4557855 39.1672608, -94.45357 39.1687966, -94.4537159 39.1689102, -94.4538687 39.168797, -94.4539688 39.1688437, -94.454649 39.1683083, -94.4547498 39.1682429, -94.4549185 39.168196, -94.4551036 39.1680667, -94.4551678 39.1679359, -94.4559532 39.1673811))",POINT (-94.4547452 39.1681196)
 CP-Diamond,19,374387929,railway,,1.594854485003361e-06,"POLYGON ((-94.4517802 39.1702923, -94.4516518 39.1701871, -94.4512559 39.1704543, -94.4512243 39.1704366, -94.4515987 39.1700012, -94.4519611 39.1696243, -94.4523868 39.1692169, -94.4528367 39.168826, -94.4533113 39.1684654, -94.4543059 39.1677142, -94.4546308 39.1674733, -94.4547078 39.1674446, -94.4547762 39.1673916, -94.4546182 39.1672762, -94.4531115 39.1684468, -94.4526103 39.1688424, -94.4521 39.1692965, -94.4516108 39.1697718, -94.4510634 39.1703676, -94.4505648 39.1708252, -94.4500845 39.1712217, -94.4498147 39.1714394, -94.4496647 39.1715557, -94.4498004 39.1716793, -94.4499195 39.1717262, -94.4496775 39.172019, -94.4495364 39.172208, -94.4493238 39.1725221, -94.4494961 39.1725718, -94.4497307 39.1722023, -94.4499177 39.1719593, -94.4501303 39.1717149, -94.4503411 39.1714804, -94.4506619 39.1711706, -94.4509461 39.1709474, -94.4514062 39.1705737, -94.4517802 39.1702923))",POINT (-94.4515009 39.1701669)
 West MC,20,374388971,railway,,1.9091522500013564e-07,"POLYGON ((-94.4489054 39.1722087, -94.4488249 39.1721318, -94.4487203 39.1722046, -94.448613 39.1721297, -94.4485138 39.1722004, -94.4485942 39.1722732, -94.4479344 39.172739, -94.4480042 39.1727827, -94.4474677 39.1731549, -94.4472585 39.1732838, -94.4473014 39.1733337, -94.4489054 39.1722087))",POINT (-94.448243 39.1725983)
 East Voltz,21,374389332,railway,,5.78283154992467e-07,"POLYGON ((-94.425977 39.1895742, -94.4258511 39.1894766, -94.4259814 39.1893499, -94.4258069 39.1892934, -94.4254004 39.1896803, -94.4252303 39.1898447, -94.4251861 39.189831, -94.4250845 39.1899115, -94.4250978 39.1899491, -94.4245897 39.19036, -94.424181 39.1906836, -94.4238364 39.1910192, -94.4239535 39.1911151, -94.4252988 39.1900621, -94.425977 39.1895742))",POINT (-94.424997 39.190159)
 BN Crossing,22,375031152,railway,,5.377384540020343e-06,"POLYGON ((-94.6037625 39.0812264, -94.6040452 39.081317, -94.6043477 39.0813722, -94.6048262 39.0814106, -94.6058859 39.0814889, -94.6070861 39.0815717, -94.6070668 39.0818334, -94.6073846 39.0819539, -94.6072325 39.0821008, -94.60699 39.0820235, -94.6067451 39.0819452, -94.6066671 39.0819471, -94.6065855 39.0820263, -94.606373 39.0819518, -94.6062074 39.0819098, -94.6060309 39.0818912, -94.6057991 39.0819004, -94.6060542 39.0819787, -94.6062558 39.0820477, -94.6065129 39.0821475, -94.6067679 39.0822488, -94.6070665 39.0823808, -94.607626 39.082657, -94.608401 39.0830545, -94.60832 39.0831359, -94.607541 39.0827292, -94.607017 39.0824729, -94.6069385 39.0824368, -94.6067066 39.0823301, -94.6062993 39.0821721, -94.6059869 39.0820662, -94.605546 39.0819372, -94.6054867 39.0819204, -94.60484 39.0819631, -94.6044999 39.0820168, -94.6037051 39.082135, -94.6037258 39.0822697, -94.6040564 39.0826286, -94.6039049 39.0826994, -94.6034864 39.0821875, -94.6033708 39.0822267, -94.6031377 39.0821473, -94.6027719 39.0819094, -94.6024912 39.0816899, -94.6024753 39.0815104, -94.6020681 39.0815441, -94.6017754 39.0815871, -94.6014828 39.0816454, -94.601122 39.0817304, -94.6002687 39.0819478, -94.6002524 39.0818972, -94.6006693 39.0817734, -94.6010015 39.081647, -94.6013206 39.081475, -94.6015095 39.081336, -94.6017212 39.0811388, -94.6018743 39.080881, -94.6020078 39.0806029, -94.6020357 39.0805186, -94.6020846 39.0803711, -94.6020935 39.0799145, -94.6020352 39.0794625, -94.6020105 39.0790519, -94.6019897 39.0787718, -94.6018988 39.0787695, -94.6018207 39.0787104, -94.6018147 39.0786843, -94.601881 39.078636, -94.6019937 39.0786352, -94.6019887 39.0785547, -94.6021726 39.0785539, -94.6021874 39.0787358, -94.6022141 39.0788938, -94.6022586 39.0790773, -94.6023229 39.0793098, -94.6023812 39.0794986, -94.6024346 39.0796981, -94.6024988 39.079926, -94.6025651 39.0801509, -94.6026293 39.0803519, -94.6026956 39.0804616, -94.6027994 39.0806013, -94.6029378 39.0807502, -94.603259 39.0809689, -94.6034072 39.0810447, -94.6037625 39.0812264))",POINT (-94.6037466 39.081338)
 CP74 Mp 7.4,23,380519433,railway,,1.0471163550038994e-06,"POLYGON ((-94.7121865 39.0861564, -94.7121157 39.0860101, -94.7115143 39.0861955, -94.7112766 39.0862439, -94.7110625 39.0862952, -94.7107317 39.0863744, -94.7106345 39.0863464, -94.7105192 39.0863679, -94.710428 39.0864312, -94.710194 39.0864778, -94.7087836 39.0867079, -94.7081546 39.0867834, -94.7080634 39.0867554, -94.7079397 39.0867666, -94.7078509 39.086803, -94.7077417 39.0868207, -94.7073766 39.0868507, -94.7066504 39.0868544, -94.706653 39.0869884, -94.7066504 39.0870869, -94.7070935 39.087048, -94.7073324 39.0870154, -94.7076565 39.0869763, -94.7082158 39.0869045, -94.7084967 39.0868644, -94.7085327 39.0870182, -94.7090657 39.086911, -94.709487 39.0868113, -94.7109648 39.0864839, -94.7115523 39.0863553, -94.7121948 39.0861968, -94.7121865 39.0861564))",POINT (-94.7093972 39.0866555)
 CP39,24,380529427,railway,,2.012071549997452e-06,"POLYGON ((-94.6487881 39.0736958, -94.6486591 39.0739981, -94.6475939 39.0736544, -94.647499 39.0737649, -94.6471312 39.0736252, -94.6466745 39.0734932, -94.6455159 39.0732093, -94.6443003 39.0729963, -94.6439428 39.0728973, -94.6436426 39.0728285, -94.6431866 39.0727279, -94.643272 39.0723385, -94.6437353 39.0724184, -94.6440941 39.0725068, -94.6445126 39.0725868, -94.644944 39.0726802, -94.6471866 39.0733136, -94.6482186 39.0735516, -94.6483582 39.073587, -94.6487881 39.0736958))",POINT (-94.645766 39.0731134)
 CP40,25,380529432,railway,,8.178148250017704e-07,"POLYGON ((-94.6486812 39.0740015, -94.6488027 39.0737031, -94.6501855 39.0740753, -94.6508769 39.0742828, -94.6517429 39.0744525, -94.652019 39.0745143, -94.6519152 39.0748024, -94.6511376 39.0745709, -94.6499116 39.074245, -94.6488535 39.0739758, -94.6488071 39.074041, -94.6486812 39.0740015))",POINT (-94.6503682 39.0742477)
 Interlocking CP35,26,380531374,railway,,1.5486649049925564e-06,"POLYGON ((-94.6358431 39.0727749, -94.6358251 39.0724771, -94.6416528 39.0723228, -94.6416637 39.0726194, -94.6413399 39.0726053, -94.6381342 39.0726731, -94.6365986 39.0727127, -94.6358431 39.0727749))",POINT (-94.6387634 39.0725324)
 CP27,27,380531375,railway,,3.445959200011708e-07,"POLYGON ((-94.6218663 39.0750555, -94.6217912 39.0749603, -94.6209444 39.0752711, -94.6208405 39.075115, -94.620423 39.0752848, -94.6204959 39.0754203, -94.620127 39.0755472, -94.6202021 39.0756758, -94.620264 39.0757272, -94.6210018 39.0753997, -94.6215739 39.0751664, -94.6218663 39.0750555))",POINT (-94.6208591 39.0753398)
 CP27,28,380531376,railway,,5.653910949896569e-07,"POLYGON ((-94.6265117 39.0736167, -94.6262552 39.0736696, -94.6255503 39.0738192, -94.6249494 39.0739772, -94.6242378 39.0741732, -94.6235035 39.0743805, -94.6228309 39.0746017, -94.6217912 39.0749603, -94.6218663 39.0750555, -94.6225118 39.0748141, -94.6231859 39.0745903, -94.624018 39.07434, -94.6247443 39.0741352, -94.6254151 39.0739798, -94.6258239 39.0738849, -94.6262896 39.0737775, -94.6263423 39.0739213, -94.6265964 39.0738696, -94.6265117 39.0736167))",POINT (-94.6243797 39.074231)
 BNSF Argentine Locomotive Facility,29,380702893,railway,,1.9984586879994567e-05,"POLYGON ((-94.6589994 39.077322, -94.6559156 39.0765332, -94.6529289 39.0757855, -94.6520763 39.0755694, -94.6516521 39.0754562, -94.6512722 39.0753259, -94.6504592 39.0749246, -94.6487759 39.0743107, -94.6485064 39.0742112, -94.6484313 39.0742729, -94.649125 39.0746399, -94.6495933 39.0749212, -94.649876 39.0751373, -94.6509585 39.075981, -94.6518642 39.0769379, -94.6525004 39.0777439, -94.6532956 39.0787968, -94.6534635 39.0788483, -94.6537507 39.0788997, -94.6539009 39.0788894, -94.6544355 39.0788002, -94.6549392 39.0787179, -94.6553589 39.0786836, -94.6564356 39.0786822, -94.6589495 39.0786685, -94.6596489 39.078639, -94.6607939 39.0786037, -94.6611134 39.0786062, -94.6613959 39.0786523, -94.6626841 39.0789511, -94.6628873 39.0785293, -94.6606915 39.0779394, -94.6600023 39.077737, -94.6592689 39.0774249, -94.6589994 39.077322))",POINT (-94.6554507 39.0773759)
 BNSF Argentine Yard,30,380910727,railway,,0.0002420606078449425,"POLYGON ((-94.7078521 39.0871692, -94.7078609 39.087212, -94.7076205 39.0872518, -94.7071433 39.0873101, -94.7067709 39.0873422, -94.7062666 39.0873587, -94.7053522 39.0873546, -94.7053439 39.0873901, -94.7050479 39.0873899, -94.7047997 39.087406, -94.7048608 39.0876099, -94.704275 39.0876641, -94.7039428 39.08774, -94.7036497 39.0878512, -94.7015329 39.0890039, -94.701129 39.0891252, -94.7007708 39.0891707, -94.6868646 39.089196, -94.6867148 39.0891454, -94.6866496 39.0890898, -94.6863044 39.0890746, -94.6859071 39.0891353, -94.6789703 39.0891707, -94.6781887 39.08911, -94.6774136 39.0889179, -94.6774657 39.0870019, -94.6770228 39.0867137, -94.6762542 39.0863294, -94.6725415 39.084201, -94.6677867 39.084297, -94.6677997 39.0810157, -94.6676694 39.0806516, -94.6674675 39.0803028, -94.6672135 39.0800803, -94.6667836 39.0799236, -94.6627453 39.0789679, -94.6629407 39.0785179, -94.6614556 39.0781084, -94.6600748 39.077719, -94.6592932 39.0773954, -94.6589675 39.0772741, -94.6520635 39.0755523, -94.651665 39.0754461, -94.6512761 39.0753138, -94.6504815 39.0749224, -94.648525 39.0741956, -94.6484194 39.0742664, -94.6470582 39.0736626, -94.6465589 39.0734986, -94.6447824 39.0730531, -94.6449216 39.0727307, -94.6462684 39.0730308, -94.646302 39.0729208, -94.6467845 39.0729339, -94.647051 39.0730997, -94.6473127 39.0732861, -94.6483582 39.073587, -94.65088 39.0742608, -94.6520827 39.0745012, -94.6534847 39.0747193, -94.655931 39.0753604, -94.6622946 39.0769742, -94.6631052 39.077011, -94.6632436 39.0769527, -94.6635402 39.0769435, -94.6638605 39.0770356, -94.663904 39.077361, -94.66494 39.0776495, -94.6660393 39.0779135, -94.6674154 39.0782634, -94.6693253 39.0787546, -94.6722713 39.0795803, -94.6750433 39.080314, -94.6756562 39.0804705, -94.6762691 39.0805534, -94.6770876 39.0805964, -94.6778113 39.0806209, -94.6782858 39.0805411, -94.6783135 39.0804521, -94.6796816 39.0804644, -94.6797331 39.0805595, -94.6811487 39.080581, -94.6839444 39.0806117, -94.6847946 39.0806424, -94.6856685 39.0807775, -94.686657 39.0810169, -94.6901882 39.0819101, -94.6907418 39.0820851, -94.6912242 39.0822631, -94.6917264 39.0824872, -94.6922959 39.082788, -94.6950757 39.0845099, -94.6961671 39.0851545, -94.697563 39.0857929, -94.6985911 39.0861029, -94.6992792 39.0862687, -94.7001016 39.0863976, -94.7012642 39.0864713, -94.7037989 39.0866861, -94.7048508 39.0867843, -94.7060054 39.0868457, -94.7066111 39.0868522, -94.7066199 39.0871015, -94.707093 39.087069, -94.7084573 39.0868933, -94.708505 39.0870714, -94.7078521 39.0871692))",POINT (-94.6814315 39.0839178)
 Santa Fe Junction,31,380920908,railway,,2.8293556299932887e-06,"POLYGON ((-94.613444 39.0794186, -94.6133095 39.0792974, -94.6104912 39.0809858, -94.6099126 39.0813175, -94.6095309 39.0814871, -94.6092476 39.0815803, -94.6089019 39.0816734, -94.6085466 39.0817293, -94.6084506 39.0817443, -94.6084446 39.0819205, -94.6081877 39.0819376, -94.6076455 39.0819405, -94.6073945 39.0819601, -94.6072389 39.0821027, -94.6072412 39.0822694, -94.6073104 39.0826422, -94.6075715 39.0827856, -94.6078276 39.0829251, -94.6081146 39.0827325, -94.6090105 39.0834081, -94.6090494 39.0834758, -94.6089957 39.0835997, -94.609217 39.0836632, -94.6094209 39.083734, -94.6097642 39.0838984, -94.6098728 39.0837818, -94.6094638 39.0835643, -94.6091862 39.0833936, -94.609036 39.083277, -94.6089622 39.0831739, -94.6088241 39.0828824, -94.6088099 39.0828303, -94.6087997 39.0826809, -94.6088142 39.0825372, -94.6089163 39.0823313, -94.6090124 39.0822137, -94.6092238 39.0820112, -94.6094805 39.0818486, -94.6095255 39.0817182, -94.6105464 39.081133, -94.6114119 39.0806439, -94.6113774 39.0806137, -94.613444 39.0794186))",POINT (-94.6091839 39.0819441)
 Chicago Jct,32,381427840,railway,,1.8113071449997447e-06,"POLYGON ((-94.6071587 39.0838792, -94.6071647 39.0838094, -94.6070508 39.0836884, -94.6071797 39.083514, -94.6069159 39.0833255, -94.6066372 39.0837559, -94.605918 39.0847701, -94.6058482 39.0848779, -94.6053186 39.0856959, -94.6052467 39.0856657, -94.604956 39.0862216, -94.6043836 39.0870404, -94.6040844 39.0874351, -94.604143 39.0874685, -94.6033707 39.0885174, -94.6031639 39.0888896, -94.6033797 39.088978, -94.6036584 39.0885151, -94.6039251 39.088122, -94.6043387 39.0875638, -94.6048332 39.0868334, -94.6058011 39.0853982, -94.6062926 39.0847329, -94.6066193 39.0843258, -94.6067631 39.0841653, -94.6070148 39.0839722, -94.6071587 39.0838792))",POINT (-94.605315 39.0859286)
 Kansas City Terminal MOW,33,381876794,railway,,6.633885999988369e-07,"POLYGON ((-94.5925785 39.0836888, -94.5925324 39.0838706, -94.5920429 39.0840028, -94.5916244 39.0841434, -94.5910974 39.084312, -94.590999 39.0841004, -94.5910277 39.0836425, -94.5912376 39.083634, -94.5925785 39.0836888))",POINT (-94.591633 39.0838934)
 CPK002,34,382586757,railway,,1.6183045849978943e-06,"POLYGON ((-94.6133863 39.0973746, -94.6134437 39.0972648, -94.6135231 39.0972323, -94.6135692 39.0972301, -94.6139299 39.0970823, -94.6139819 39.0971248, -94.6143821 39.0969464, -94.6154183 39.0963656, -94.6159441 39.0961182, -94.6160423 39.0962291, -94.6195079 39.0947319, -94.619606 39.0948808, -94.6190435 39.0951159, -94.619044 39.0951709, -94.6188535 39.0952441, -94.6182821 39.0954765, -94.6185085 39.0954635, -94.6184996 39.0955417, -94.6182208 39.0955632, -94.6180488 39.0955847, -94.6178471 39.0956538, -94.6165433 39.0961772, -94.6158966 39.0964616, -94.6154879 39.0966587, -94.6152632 39.0967775, -94.6147034 39.0971067, -94.6145174 39.0972047, -94.6145337 39.0972527, -94.6143238 39.0973226, -94.613562 39.0976653, -94.6135499 39.0976461, -94.6135268 39.0976094, -94.6135076 39.0975789, -94.6134429 39.0974598, -94.613426 39.0974344, -94.6134023 39.0973986, -94.6133863 39.0973746))",POINT (-94.6160907 39.0963141)
 UP Cypress Yard,35,383011032,railway,,8.11003087997939e-06,"POLYGON ((-94.6175744 39.0971898, -94.6174832 39.097296, -94.6178593 39.0975159, -94.618063 39.0976554, -94.6182856 39.0978448, -94.6184975 39.098078, -94.6186263 39.0982528, -94.6187177 39.0984245, -94.6188194 39.0986338, -94.6188677 39.0988419, -94.61889 39.099028, -94.6189209 39.0995011, -94.6189695 39.1014246, -94.6189695 39.1030634, -94.618987 39.1051247, -94.6188898 39.1056595, -94.6190181 39.1062279, -94.6193405 39.1080936, -94.6195658 39.1080731, -94.6196807 39.1076822, -94.619769 39.1062389, -94.6198662 39.1050081, -94.6199237 39.1017374, -94.6198815 39.100324, -94.6198172 39.0998702, -94.6197582 39.0996246, -94.6196509 39.0992707, -94.6195972 39.0991188, -94.6194926 39.0989418, -94.6191799 39.0984864, -94.6188819 39.0981591, -94.6186116 39.0978912, -94.6183088 39.0976511, -94.6179277 39.0973971, -94.6176884 39.0972467, -94.6175744 39.0971898))",POINT (-94.6193573 39.1028095)
 BNSF / UP Rosedale Yard,36,384932752,railway,,1.7985012639987884e-05,"POLYGON ((-94.616198 39.0681484, -94.6160399 39.0681238, -94.6158263 39.06844, -94.6156721 39.0686334, -94.6155416 39.0687532, -94.6152885 39.0689558, -94.6150869 39.0690878, -94.614901 39.0691738, -94.611354 39.0703772, -94.6109902 39.0705399, -94.6107965 39.0702514, -94.6106031 39.0703577, -94.6101875 39.070586, -94.6098553 39.0707886, -94.6088984 39.071507, -94.6084752 39.0718207, -94.6081075 39.0720933, -94.6072336 39.0727257, -94.6072297 39.0731647, -94.6053791 39.0744786, -94.6055096 39.0745953, -94.6095588 39.0732937, -94.609709 39.0731801, -94.6099977 39.0727196, -94.6102943 39.0723911, -94.6113461 39.0723389, -94.6116743 39.0723144, -94.611963 39.0722653, -94.6122714 39.0721824, -94.6139085 39.0716206, -94.6141655 39.0719276, -94.6146044 39.0716206, -94.6148694 39.0713473, -94.6151225 39.0710035, -94.6153953 39.0704202, -94.6156879 39.0696036, -94.616198 39.0681484))",POINT (-94.6113825 39.0714811)
 Union Pacific Fairfax Yard,37,385073622,railway,,1.0806765635014328e-05,"POLYGON ((-94.6118467 39.1305967, -94.6114868 39.1307091, -94.6113655 39.1307684, -94.6113119 39.1308121, -94.6113077 39.1318156, -94.6119582 39.1318222, -94.612003 39.1318535, -94.61213 39.1319356, -94.6123754 39.1328589, -94.6126986 39.1337775, -94.6130123 39.1347644, -94.6130918 39.134994, -94.6134364 39.1355835, -94.6135878 39.1357862, -94.6139526 39.1361731, -94.6150871 39.1371946, -94.6171605 39.1386946, -94.6182012 39.1394519, -94.6209118 39.1413919, -94.6211902 39.1413302, -94.6209156 39.1410121, -94.621106 39.1409372, -94.6212741 39.1407888, -94.6206733 39.140405, -94.6198294 39.1397847, -94.6170062 39.137619, -94.6156995 39.1366684, -94.6150362 39.1361794, -94.6146714 39.1358091, -94.6145507 39.1355969, -94.6144085 39.1353638, -94.6141859 39.1350414, -94.6130136 39.1327469, -94.6129192 39.1325623, -94.6125263 39.1317932, -94.6121375 39.1310907, -94.6118467 39.1305967))",POINT (-94.6156134 39.1364049)
 Cleveland,38,387754100,railway,,1.1217987650184823e-06,"POLYGON ((-94.5394271 39.0944626, -94.5393062 39.0943074, -94.5358804 39.0958705, -94.5345945 39.0964471, -94.5344612 39.0965007, -94.5345649 39.0966616, -94.5358779 39.0960793, -94.5367368 39.0956904, -94.5376031 39.0953341, -94.5378105 39.095292, -94.5385781 39.09493, -94.5387681 39.0947767, -94.5394271 39.0944626))",POINT (-94.5370641 39.0954471)
 Independance Ave,39,387787168,railway,,1.8547644000128605e-06,"POLYGON ((-94.5119872 39.105724, -94.5118083 39.1055234, -94.5126808 39.1051052, -94.5131072 39.1048892, -94.5135556 39.1046166, -94.5141344 39.1042669, -94.5148523 39.103823, -94.518051 39.1016578, -94.5182211 39.1017847, -94.5177948 39.1021378, -94.517 39.1026773, -94.5169664 39.1027001, -94.5147728 39.1041915, -94.5145414 39.1043169, -94.514597 39.1043919, -94.5143046 39.1045481, -94.5142242 39.1045376, -94.5139264 39.1046979, -94.5139211 39.1047479, -94.5136665 39.1049067, -94.5134628 39.1049012, -94.5119872 39.105724))",POINT (-94.5151115 39.1037465)
 KCS Junction,40,388342200,railway,,1.526438124998725e-06,"POLYGON ((-94.4952001 39.1094813, -94.4950109 39.1095501, -94.4956265 39.1105032, -94.4958787 39.1109215, -94.4958465 39.1111026, -94.495526 39.1112802, -94.4954722 39.1113264, -94.4954821 39.1113632, -94.4947004 39.1115633, -94.494751 39.111666, -94.4954208 39.1114775, -94.4954445 39.1115205, -94.4957441 39.1114062, -94.4960275 39.1113169, -94.4961627 39.1113384, -94.4963467 39.1116315, -94.4964737 39.1115847, -94.4963223 39.1113106, -94.496433 39.111231, -94.49741 39.1109467, -94.4975419 39.1109922, -94.4976526 39.1110591, -94.4979002 39.1109025, -94.498089 39.1107938, -94.4982389 39.1107193, -94.4983952 39.1106624, -94.4991393 39.1104514, -94.4990709 39.1103288, -94.4988332 39.1103857, -94.4988072 39.1103516, -94.4986981 39.1103819, -94.4987013 39.1104198, -94.4984033 39.1105057, -94.4981526 39.1105575, -94.4978513 39.1106169, -94.4975794 39.1106573, -94.4973433 39.1106712, -94.4971071 39.1106662, -94.4969557 39.1106611, -94.496915 39.1107673, -94.4965388 39.1108469, -94.4963728 39.1108633, -94.4962734 39.1107888, -94.4960455 39.1108292, -94.4956253 39.1102126, -94.4955781 39.1101532, -94.4956807 39.110085, -94.4954918 39.1099068, -94.4952001 39.1094813))",POINT (-94.4966063 39.1108074)
 Sheffield Junction,41,388375556,railway,,3.217388620004605e-06,"POLYGON ((-94.5073619 39.1079486, -94.5072412 39.1077967, -94.5066913 39.1080527, -94.5063399 39.1082088, -94.5060476 39.1083253, -94.5056211 39.1084731, -94.5051678 39.1086063, -94.5045482 39.1087686, -94.5037382 39.1089997, -94.5035826 39.1090246, -94.5035638 39.1090871, -94.502043 39.1094763, -94.5018901 39.1094971, -94.5016675 39.1094888, -94.501512 39.1094659, -94.501351 39.1094159, -94.5011955 39.1093556, -94.501056 39.1092723, -94.5009299 39.1091807, -94.5007985 39.1090538, -94.500718 39.1089372, -94.5006778 39.1088165, -94.5006161 39.1084627, -94.5005356 39.1076947, -94.5003157 39.1077051, -94.5005088 39.1099133, -94.5002136 39.1100213, -94.5002701 39.1101506, -94.5004874 39.1100923, -94.5005464 39.1102109, -94.5005973 39.1107521, -94.5008039 39.1107396, -94.5007851 39.1101589, -94.5021718 39.1097885, -94.5023644 39.1097325, -94.503109 39.109516, -94.5032527 39.1094742, -94.5035075 39.1095096, -94.5042907 39.1092869, -94.5044919 39.1091121, -94.505149 39.1089372, -94.5061119 39.1084835, -94.5064794 39.108342, -94.5069381 39.1081422, -94.5073619 39.1079486))",POINT (-94.5026323 39.1092234)
 Rock Creek Junction,42,388574232,railway,,2.49494329999731e-06,"POLYGON ((-94.4835119 39.1147803, -94.4835628 39.1146263, -94.4835628 39.1143849, -94.4837479 39.1143849, -94.4839947 39.1143724, -94.484448 39.1143433, -94.4844292 39.114233, -94.4839249 39.1142705, -94.4836755 39.1142767, -94.4834421 39.1142642, -94.4830478 39.114233, -94.482608 39.1141747, -94.4825999 39.1141227, -94.4823397 39.1140936, -94.4822003 39.1140728, -94.4819133 39.1140207, -94.4816585 39.1139646, -94.4813778 39.1138924, -94.4811086 39.1138064, -94.4805764 39.113631, -94.4805024 39.1136066, -94.4798097 39.113377, -94.4791962 39.1131737, -94.4787939 39.1130239, -94.4784157 39.1128678, -94.4779838 39.1126534, -94.4779034 39.1126139, -94.4777827 39.1127221, -94.4774742 39.1126368, -94.4770719 39.1124953, -94.4770585 39.1124245, -94.4767849 39.1123413, -94.4766266 39.1126118, -94.4772087 39.1127866, -94.4772114 39.1129656, -94.4770129 39.1129885, -94.4767822 39.1130218, -94.4768439 39.1132029, -94.4771014 39.1131654, -94.4774501 39.1131467, -94.4778256 39.1131446, -94.4781823 39.1131904, -94.4786168 39.1132632, -94.4792498 39.1134464, -94.4802664 39.1137939, -94.4834475 39.1147907, -94.4835119 39.1147803))",POINT (-94.4801484 39.1135995)
 Congo,43,388576674,railway,,1.6547112149904753e-06,"POLYGON ((-94.4628448 39.1175318, -94.462641 39.1172905, -94.4631047 39.1170836, -94.4658435 39.1159419, -94.4667796 39.1155091, -94.4675655 39.1151137, -94.4677211 39.1152453, -94.467811 39.1153803, -94.4672919 39.1155986, -94.4664041 39.1159877, -94.4660018 39.1161646, -94.465991 39.1162458, -94.4656504 39.1163915, -94.4655726 39.1163748, -94.4641055 39.1170054, -94.4628448 39.1175318))",POINT (-94.4652195 39.1163508)
 KCS Coburg Yard,44,398101162,railway,,8.117453069990254e-06,"POLYGON ((-94.5015555 39.1115273, -94.5013784 39.1115439, -94.5009681 39.1124372, -94.500597 39.1136096, -94.5004998 39.114206, -94.5006323 39.1146722, -94.5007323 39.1149155, -94.5009896 39.1154916, -94.5013479 39.1162522, -94.5015433 39.1166994, -94.5018657 39.1171871, -94.5020774 39.1174473, -94.5026538 39.1178263, -94.5036211 39.1183645, -94.5050423 39.1190358, -94.5057397 39.1192688, -94.5062118 39.1194145, -94.5074402 39.1200596, -94.5079445 39.1203509, -94.5083039 39.1204674, -94.5085829 39.1205423, -94.5105676 39.1208171, -94.510616 39.1206588, -94.5101003 39.1205882, -94.509924 39.1205673, -94.5089423 39.1204258, -94.508556 39.1203634, -94.5083039 39.1202926, -94.5080303 39.1201969, -94.5077997 39.1200637, -94.507392 39.1198265, -94.5066302 39.1193325, -94.5061379 39.1189996, -94.5052778 39.1184397, -94.504661 39.1180562, -94.5043837 39.1180848, -94.5040045 39.1178844, -94.503702 39.1177525, -94.50336 39.1175884, -94.5031148 39.1174181, -94.5027016 39.1170944, -94.5023042 39.1167477, -94.5021124 39.1164992, -94.5019167 39.1161725, -94.5017783 39.1158503, -94.5017071 39.1155942, -94.5016458 39.1153196, -94.5016363 39.1151428, -94.5016306 39.115036, -94.5016413 39.1146115, -94.5016896 39.1142369, -94.5017565 39.1137334, -94.5017915 39.1133545, -94.5017861 39.1125595, -94.5015555 39.1119268, -94.5015555 39.1115273))",POINT (-94.5029863 39.1162482)
 CP72 Mp 7.2,45,412602184,railway,,6.957596049943278e-07,"POLYGON ((-94.7076416 39.0873588, -94.7073782 39.0874068, -94.70707 39.0874447, -94.7068211 39.0874693, -94.7065076 39.0874854, -94.7061051 39.0874927, -94.7056042 39.0874913, -94.7053237 39.087498, -94.7050834 39.0875068, -94.7048636 39.0875205, -94.7048365 39.0874203, -94.7050473 39.0874026, -94.7053817 39.0873952, -94.7053916 39.0873613, -94.7055796 39.0873756, -94.7059459 39.0873762, -94.7062908 39.0873752, -94.706799 39.0873581, -94.7072644 39.0873157, -94.7076188 39.0872628, -94.7078985 39.0872162, -94.7078961 39.0871706, -94.7083414 39.0871072, -94.7086055 39.0870569, -94.7091396 39.0869414, -94.7102811 39.086688, -94.7103739 39.0869008, -94.7102412 39.0869282, -94.7101955 39.0868604, -94.7092885 39.0870495, -94.7087915 39.0871669, -94.7084855 39.0872423, -94.7083653 39.0872809, -94.708333 39.0872144, -94.7076416 39.0873588))",POINT (-94.7078069 39.0872001)
 Kansas City Southern Knoche Yard,46,463410843,railway,,8.401243530001444e-05,"POLYGON ((-94.5465387 39.1281986, -94.5464274 39.1279427, -94.5454766 39.1284545, -94.5450823 39.128648, -94.5448248 39.1287624, -94.5442159 39.1289726, -94.5439075 39.1290496, -94.5436473 39.1291432, -94.5430089 39.1292701, -94.5426281 39.1293325, -94.5421238 39.1293825, -94.5416651 39.1294095, -94.530137 39.12906, -94.5278598 39.128983, -94.5248048 39.1288899, -94.5236783 39.1287962, -94.522026 39.128738, -94.5209668 39.1286632, -94.5201231 39.1278936, -94.5193142 39.1270183, -94.5188618 39.1269882, -94.5186237 39.126915, -94.5184104 39.126667, -94.5181518 39.1264572, -94.513396 39.1262619, -94.5132321 39.1262669, -94.5125106 39.1265606, -94.5122588 39.1266054, -94.5109741 39.1266022, -94.5104751 39.1266866, -94.5101122 39.1267056, -94.5082467 39.1266456, -94.5077553 39.1265694, -94.5076377 39.1265623, -94.5070111 39.1263572, -94.5061693 39.1260355, -94.5049652 39.1257548, -94.503901 39.1254832, -94.5006249 39.1242057, -94.5000967 39.1239474, -94.4992948 39.123425, -94.4990941 39.1232553, -94.4989579 39.12302, -94.4984392 39.1216442, -94.49826 39.1213762, -94.4980819 39.121289, -94.4977252 39.1227799, -94.4982818 39.1238737, -94.4990611 39.1246195, -94.5003498 39.1253352, -94.5012762 39.1256719, -94.5036234 39.1267331, -94.5091403 39.1285492, -94.5102303 39.1287994, -94.5119647 39.1288894, -94.5147667 39.1290651, -94.5192201 39.1291059, -94.5207484 39.1291303, -94.5219563 39.129202, -94.5222004 39.1295245, -94.5227744 39.1303671, -94.5228951 39.1305461, -94.5233886 39.1305669, -94.523394 39.1306979, -94.5265617 39.1307853, -94.5297347 39.130881, -94.5327763 39.1309788, -94.535126 39.1310537, -94.5407961 39.1312347, -94.5411904 39.1311702, -94.5414372 39.1312306, -94.5417966 39.131164, -94.5444949 39.1296639, -94.5444144 39.129564, -94.5457341 39.1286693, -94.5461632 39.1283947, -94.5465387 39.1281986))",POINT (-94.5213701 39.1284255)
,47,548031142,platform,,5.5163700001317244e-09,"POLYGON ((-94.5831829 39.102914, -94.5831567 39.1029153, -94.5831738 39.103125, -94.5832 39.1031237, -94.5831829 39.102914))",POINT (-94.5831783 39.1030195)
,48,548031143,platform,,5.5413600000972686e-09,"POLYGON ((-94.5829894 39.1030891, -94.5829632 39.1030883, -94.5829533 39.1032995, -94.5829795 39.1033003, -94.5829894 39.1030891))",POINT (-94.5829713 39.1031943)
,49,548031144,platform,,5.440205000747886e-09,"POLYGON ((-94.582936 39.105144, -94.5829102 39.1051435, -94.5829049 39.1053139, -94.5829036 39.105354, -94.5829295 39.1053545, -94.582936 39.105144))",POINT (-94.5829198 39.1052491)
,50,548031145,platform,,5.0271099991672024e-09,"POLYGON ((-94.5831657 39.1051361, -94.5831423 39.1051357, -94.5831367 39.1053505, -94.5831601 39.1053508, -94.5831657 39.1051361))",POINT (-94.5831512 39.1052433)
,51,548031146,platform,,5.478684999262312e-09,"POLYGON ((-94.5821373 39.1084433, -94.5821307 39.1084236, -94.58187 39.1084758, -94.5818765 39.1084955, -94.5821373 39.1084433))",POINT (-94.5820036 39.1084595)
,52,548031147,platform,,5.10897499998562e-09,"POLYGON ((-94.5813882 39.1102587, -94.5813947 39.1102779, -94.5816431 39.1102276, -94.5816366 39.1102083, -94.5813882 39.1102587))",POINT (-94.5815158 39.1102431)
,53,548031148,platform,,5.5367100002763565e-09,"POLYGON ((-94.584434 39.1088982, -94.5844594 39.1088931, -94.5843912 39.1086884, -94.5843659 39.1086935, -94.584434 39.1088982))",POINT (-94.5844126 39.1087934)
,54,548032055,platform,,5.366845001401541e-09,"POLYGON ((-94.5831385 39.1000684, -94.5831121 39.1000675, -94.5831058 39.1001788, -94.5831007 39.1002699, -94.5831272 39.1002708, -94.5831385 39.1000684))",POINT (-94.5831196 39.1001692)
,55,548032056,platform,,5.537619999241759e-09,"POLYGON ((-94.5833091 39.0996055, -94.5832829 39.0996048, -94.5832731 39.0998163, -94.5832992 39.099817, -94.5833091 39.0996055))",POINT (-94.5832911 39.0997108)
,56,548032057,platform,,5.368649999563277e-09,"POLYGON ((-94.5832712 39.0968079, -94.5832446 39.0968072, -94.5832359 39.0970088, -94.5832625 39.0970095, -94.5832712 39.0968079))",POINT (-94.5832535 39.0969083)
,57,548032058,platform,,5.572879998611026e-09,"POLYGON ((-94.5834326 39.0966804, -94.5834064 39.0966795, -94.5833946 39.0968918, -94.5834208 39.0968927, -94.5834326 39.0966804))",POINT (-94.5834136 39.0967861)
,58,548041305,platform,,5.568600001671487e-09,"POLYGON ((-94.5833996 39.094625, -94.5833734 39.0946242, -94.5833622 39.0948364, -94.5833884 39.0948372, -94.5833996 39.094625))",POINT (-94.5833809 39.0947307)
,59,548041306,platform,,5.522995000801354e-09,"POLYGON ((-94.5835792 39.0941842, -94.5835531 39.0941833, -94.5835413 39.0943941, -94.5835675 39.094395, -94.5835792 39.0941842))",POINT (-94.5835603 39.0942892)
,60,548041307,platform,,5.676020001708729e-09,"POLYGON ((-94.5836007 39.0905303, -94.5835745 39.0905295, -94.5835633 39.0907458, -94.5835895 39.0907466, -94.5836007 39.0905303))",POINT (-94.583582 39.0906381)
,61,548041308,platform,,5.1465550015162255e-09,"POLYGON ((-94.5837925 39.0900805, -94.5837663 39.0900798, -94.5837564 39.0902759, -94.5837826 39.0902767, -94.5837925 39.0900805))",POINT (-94.5837745 39.0901782)
,62,548041309,platform,,5.009630000867546e-09,"POLYGON ((-94.5841979 39.0848593, -94.5841846 39.0848587, -94.5841717 39.0848582, -94.5841582 39.0850484, -94.5841699 39.0850489, -94.5841845 39.0850496, -94.5841979 39.0848593))",POINT (-94.5841781 39.0849539)
 Union Pacific Neff Yard,63,664026173,railway,,0.00015633767081502377,"POLYGON ((-94.5481897 39.1206158, -94.5447166 39.1212964, -94.5397624 39.1223013, -94.5381677 39.1226336, -94.5367795 39.12311, -94.5367795 39.1231461, -94.5365318 39.1233342, -94.5349423 39.1237346, -94.5345192 39.1239388, -94.5336418 39.1240589, -94.5306642 39.1244752, -94.5306796 39.1247355, -94.5291882 39.1246834, -94.5278981 39.1248756, -94.5247759 39.125316, -94.5239657 39.1254001, -94.5233722 39.125396, -94.5202655 39.1250758, -94.5192651 39.124966, -94.5187895 39.1249156, -94.5176129 39.1245673, -94.5168449 39.1245026, -94.5134276 39.1241149, -94.5078593 39.1235985, -94.5068943 39.1233062, -94.5057125 39.1228658, -94.5045101 39.1223454, -94.5035037 39.1221011, -94.5010163 39.1216727, -94.5007237 39.1214728, -94.5002865 39.1213209, -94.4999995 39.1211835, -94.4997903 39.1210587, -94.4994631 39.1208069, -94.49927 39.1205926, -94.499109 39.1203782, -94.4990125 39.1201701, -94.4988971 39.1198705, -94.4988247 39.1195854, -94.4988086 39.1192982, -94.4988301 39.1191546, -94.4993558 39.1177708, -94.4999532 39.1169937, -94.5025143 39.1182994, -94.5043328 39.1192358, -94.5054647 39.1197852, -94.5064786 39.1201889, -94.5068821 39.1203366, -94.5073756 39.1204844, -94.5078208 39.1205863, -94.50825 39.1206571, -94.5105153 39.120981, -94.5105676 39.1208171, -94.5107435 39.1208447, -94.5107998 39.1209353, -94.5109407 39.1209852, -94.5135127 39.1213037, -94.5151026 39.1214661, -94.5165375 39.1216297, -94.5169714 39.1216788, -94.5176205 39.1217454, -94.5183393 39.1217329, -94.5190629 39.1216885, -94.5191762 39.1216934, -94.519895 39.1216434, -94.5215365 39.1213854, -94.5253345 39.1207861, -94.5273623 39.1204865, -94.5281991 39.1203512, -94.5283386 39.1203262, -94.5302688 39.1200203, -94.5312871 39.1199016, -94.533199 39.1198267, -94.5363063 39.1196737, -94.5376185 39.1196175, -94.539317 39.1194606, -94.5409031 39.1192343, -94.5418063 39.119103, -94.541888 39.1194535, -94.5402869 39.1199295, -94.5392058 39.120256, -94.5392876 39.1206776, -94.5417477 39.1203058, -94.5452947 39.1198933, -94.5453765 39.1202333, -94.5453064 39.120596, -94.5461654 39.1206186, -94.546516 39.1205914, -94.546966 39.1204962, -94.5473399 39.1204237, -94.5482062 39.1202668, -94.5481897 39.1206158))",POINT (-94.5218594 39.12199)
 NS Avondale Car Shops,64,713990404,railway,,8.243706855012752e-06,"POLYGON ((-94.5700686 39.1293773, -94.5707781 39.1288786, -94.5711638 39.1286321, -94.5712084 39.127861, -94.5712137 39.1268622, -94.5694783 39.1244007, -94.5693362 39.124459, -94.5692262 39.12433, -94.5677171 39.1249638, -94.5678806 39.125364, -94.5701194 39.1284748, -94.5700686 39.1293773))",POINT (-94.569751 39.1265423)
